use covid_management;

INSERT INTO `role` (`roleID`,`roleName`) VALUES (1,'admin');
INSERT INTO `role` (`roleID`,`roleName`) VALUES (2,'manager');
INSERT INTO `role` (`roleID`,`roleName`) VALUES (3,'user');

INSERT INTO `city` (`cityID`,`cityName`) VALUES ('01','Thành phố Hà Nội');
INSERT INTO `city` (`cityID`,`cityName`) VALUES ('64','Tỉnh Gia Lai');
INSERT INTO `city` (`cityID`,`cityName`) VALUES ('68','Tỉnh Lâm Đồng');
INSERT INTO `city` (`cityID`,`cityName`) VALUES ('79','Thành phố Hồ Chí Minh');
INSERT INTO `city` (`cityID`,`cityName`) VALUES ('87','Tỉnh Đồng Tháp');

INSERT INTO `district` (`districtID`,`districtName`,`cityID`) VALUES ('001','Quận Ba Đình','01');
INSERT INTO `district` (`districtID`,`districtName`,`cityID`) VALUES ('002','Quận Hoàn Kiếm','01');
INSERT INTO `district` (`districtID`,`districtName`,`cityID`) VALUES ('003','Quận Tây Hồ','01');
INSERT INTO `district` (`districtID`,`districtName`,`cityID`) VALUES ('004','Quận Long Biên','01');
INSERT INTO `district` (`districtID`,`districtName`,`cityID`) VALUES ('005','Quận Cầu Giấy','01');
INSERT INTO `district` (`districtID`,`districtName`,`cityID`) VALUES ('622','Thành phố Pleiku','64');
INSERT INTO `district` (`districtID`,`districtName`,`cityID`) VALUES ('623','Thị xã An Khê','64');
INSERT INTO `district` (`districtID`,`districtName`,`cityID`) VALUES ('624','Thị xã Ayun Pa','64');
INSERT INTO `district` (`districtID`,`districtName`,`cityID`) VALUES ('625','Huyện KBang','64');
INSERT INTO `district` (`districtID`,`districtName`,`cityID`) VALUES ('626','Huyện Đăk Đoa','64');
INSERT INTO `district` (`districtID`,`districtName`,`cityID`) VALUES ('672','Thành phố Đà Lạt','68');
INSERT INTO `district` (`districtID`,`districtName`,`cityID`) VALUES ('673','Thành phố Bảo Lộc','68');
INSERT INTO `district` (`districtID`,`districtName`,`cityID`) VALUES ('674','Huyện Đam Rông','68');
INSERT INTO `district` (`districtID`,`districtName`,`cityID`) VALUES ('675','Huyện Lạc Dương','68');
INSERT INTO `district` (`districtID`,`districtName`,`cityID`) VALUES ('676','Huyện Lâm Hà','68');
INSERT INTO `district` (`districtID`,`districtName`,`cityID`) VALUES ('760','Quận 1','79');
INSERT INTO `district` (`districtID`,`districtName`,`cityID`) VALUES ('770','Quận 3','79');
INSERT INTO `district` (`districtID`,`districtName`,`cityID`) VALUES ('771','Quận 10','79');
INSERT INTO `district` (`districtID`,`districtName`,`cityID`) VALUES ('774','Quận 5','79');
INSERT INTO `district` (`districtID`,`districtName`,`cityID`) VALUES ('778','Quận 7','79');
INSERT INTO `district` (`districtID`,`districtName`,`cityID`) VALUES ('866','Thành phố Cao Lãnh','87');
INSERT INTO `district` (`districtID`,`districtName`,`cityID`) VALUES ('867','Thành phố Sa Đéc','87');
INSERT INTO `district` (`districtID`,`districtName`,`cityID`) VALUES ('868','Thị xã Hồng Ngự','87');
INSERT INTO `district` (`districtID`,`districtName`,`cityID`) VALUES ('869','Huyện Tân Hồng','87');
INSERT INTO `district` (`districtID`,`districtName`,`cityID`) VALUES ('876','Huyện Lai Vung','87');

INSERT INTO `ward` (`wardID`,`wardName`,`districtID`) VALUES ('00001','Phường Phúc Xá','001');
INSERT INTO `ward` (`wardID`,`wardName`,`districtID`) VALUES ('00004','Phường Trúc Bạch','001');
INSERT INTO `ward` (`wardID`,`wardName`,`districtID`) VALUES ('00006','Phường Vĩnh Phúc','001');
INSERT INTO `ward` (`wardID`,`wardName`,`districtID`) VALUES ('00007','Phường Cống Vị','001');
INSERT INTO `ward` (`wardID`,`wardName`,`districtID`) VALUES ('00008','Phường Liễu Giai','001');
INSERT INTO `ward` (`wardID`,`wardName`,`districtID`) VALUES ('00037','Phường Phúc Tân','002');
INSERT INTO `ward` (`wardID`,`wardName`,`districtID`) VALUES ('00040','Phường Đồng Xuân','002');
INSERT INTO `ward` (`wardID`,`wardName`,`districtID`) VALUES ('00043','Phường Hàng Mã','002');
INSERT INTO `ward` (`wardID`,`wardName`,`districtID`) VALUES ('00046','Phường Hàng Buồm','002');
INSERT INTO `ward` (`wardID`,`wardName`,`districtID`) VALUES ('00049','Phường Hàng Đào','002');
INSERT INTO `ward` (`wardID`,`wardName`,`districtID`) VALUES ('00091','Phường Phú Thượng','003');
INSERT INTO `ward` (`wardID`,`wardName`,`districtID`) VALUES ('00094','Phường Nhật Tân','003');
INSERT INTO `ward` (`wardID`,`wardName`,`districtID`) VALUES ('00097','Phường Tứ Liên','003');
INSERT INTO `ward` (`wardID`,`wardName`,`districtID`) VALUES ('00100','Phường Quảng An','003');
INSERT INTO `ward` (`wardID`,`wardName`,`districtID`) VALUES ('00103','Phường Xuân La','003');
INSERT INTO `ward` (`wardID`,`wardName`,`districtID`) VALUES ('00115','Phường Thượng Thanh','004');
INSERT INTO `ward` (`wardID`,`wardName`,`districtID`) VALUES ('00118','Phường Ngọc Thụy','004');
INSERT INTO `ward` (`wardID`,`wardName`,`districtID`) VALUES ('00121','Phường Giang Biên','004');
INSERT INTO `ward` (`wardID`,`wardName`,`districtID`) VALUES ('00124','Phường Đức Giang','004');
INSERT INTO `ward` (`wardID`,`wardName`,`districtID`) VALUES ('00127','Phường Việt Hưng','004');
INSERT INTO `ward` (`wardID`,`wardName`,`districtID`) VALUES ('00157','Phường Nghĩa Đô','005');
INSERT INTO `ward` (`wardID`,`wardName`,`districtID`) VALUES ('00160','Phường Nghĩa Tân','005');
INSERT INTO `ward` (`wardID`,`wardName`,`districtID`) VALUES ('00163','Phường Mai Dịch','005');
INSERT INTO `ward` (`wardID`,`wardName`,`districtID`) VALUES ('00166','Phường Dịch Vọng','005');
INSERT INTO `ward` (`wardID`,`wardName`,`districtID`) VALUES ('00167','Phường Dịch Vọng Hậu','005');
INSERT INTO `ward` (`wardID`,`wardName`,`districtID`) VALUES ('23557','Phường Yên Đỗ','622');
INSERT INTO `ward` (`wardID`,`wardName`,`districtID`) VALUES ('23560','Phường Diên Hồng','622');
INSERT INTO `ward` (`wardID`,`wardName`,`districtID`) VALUES ('23563','Phường Ia Kring','622');
INSERT INTO `ward` (`wardID`,`wardName`,`districtID`) VALUES ('23566','Phường Hội Thương','622');
INSERT INTO `ward` (`wardID`,`wardName`,`districtID`) VALUES ('23569','Phường Hội Phú','622');
INSERT INTO `ward` (`wardID`,`wardName`,`districtID`) VALUES ('23614','Phường An Bình','623');
INSERT INTO `ward` (`wardID`,`wardName`,`districtID`) VALUES ('23617','Phường Tây Sơn','623');
INSERT INTO `ward` (`wardID`,`wardName`,`districtID`) VALUES ('23620','Phường An Phú','623');
INSERT INTO `ward` (`wardID`,`wardName`,`districtID`) VALUES ('23623','Phường An Tân','623');
INSERT INTO `ward` (`wardID`,`wardName`,`districtID`) VALUES ('23626','Xã Tú An','623');
INSERT INTO `ward` (`wardID`,`wardName`,`districtID`) VALUES ('23638','Thị trấn KBang','625');
INSERT INTO `ward` (`wardID`,`wardName`,`districtID`) VALUES ('23641','Xã Kon Pne','625');
INSERT INTO `ward` (`wardID`,`wardName`,`districtID`) VALUES ('23644','Xã Đăk Roong','625');
INSERT INTO `ward` (`wardID`,`wardName`,`districtID`) VALUES ('23647','Xã Sơn Lang','625');
INSERT INTO `ward` (`wardID`,`wardName`,`districtID`) VALUES ('23650','Xã KRong','625');
INSERT INTO `ward` (`wardID`,`wardName`,`districtID`) VALUES ('23677','Thị trấn Đăk Đoa','626');
INSERT INTO `ward` (`wardID`,`wardName`,`districtID`) VALUES ('23680','Xã Hà Đông','626');
INSERT INTO `ward` (`wardID`,`wardName`,`districtID`) VALUES ('23683','Xã Đăk Sơmei','626');
INSERT INTO `ward` (`wardID`,`wardName`,`districtID`) VALUES ('23684','Xã Đăk Krong','626');
INSERT INTO `ward` (`wardID`,`wardName`,`districtID`) VALUES ('23686','Xã Hải Yang','626');
INSERT INTO `ward` (`wardID`,`wardName`,`districtID`) VALUES ('24041','Phường Cheo Reo','624');
INSERT INTO `ward` (`wardID`,`wardName`,`districtID`) VALUES ('24042','Phường Hòa Bình','624');
INSERT INTO `ward` (`wardID`,`wardName`,`districtID`) VALUES ('24044','Phường Đoàn Kết','624');
INSERT INTO `ward` (`wardID`,`wardName`,`districtID`) VALUES ('24045','Phường Sông Bờ','624');
INSERT INTO `ward` (`wardID`,`wardName`,`districtID`) VALUES ('24064','Xã Ia RBol','624');
INSERT INTO `ward` (`wardID`,`wardName`,`districtID`) VALUES ('24769','Phường 7','672');
INSERT INTO `ward` (`wardID`,`wardName`,`districtID`) VALUES ('24772','Phường 8','672');
INSERT INTO `ward` (`wardID`,`wardName`,`districtID`) VALUES ('24775','Phường 12','672');
INSERT INTO `ward` (`wardID`,`wardName`,`districtID`) VALUES ('24778','Phường 9','672');
INSERT INTO `ward` (`wardID`,`wardName`,`districtID`) VALUES ('24781','Phường 2','672');
INSERT INTO `ward` (`wardID`,`wardName`,`districtID`) VALUES ('24814','Phường Lộc Phát','673');
INSERT INTO `ward` (`wardID`,`wardName`,`districtID`) VALUES ('24817','Phường Lộc Tiến','673');
INSERT INTO `ward` (`wardID`,`wardName`,`districtID`) VALUES ('24820','Phường 2','673');
INSERT INTO `ward` (`wardID`,`wardName`,`districtID`) VALUES ('24823','Phường 1','673');
INSERT INTO `ward` (`wardID`,`wardName`,`districtID`) VALUES ('24826','Phường B\'lao','673');
INSERT INTO `ward` (`wardID`,`wardName`,`districtID`) VALUES ('24846','Thị trấn Lạc Dương','675');
INSERT INTO `ward` (`wardID`,`wardName`,`districtID`) VALUES ('24847','Xã Đạ Chais','675');
INSERT INTO `ward` (`wardID`,`wardName`,`districtID`) VALUES ('24848','Xã Đạ Nhim','675');
INSERT INTO `ward` (`wardID`,`wardName`,`districtID`) VALUES ('24850','Xã Đưng KNớ','675');
INSERT INTO `ward` (`wardID`,`wardName`,`districtID`) VALUES ('24853','Xã Đạ Tông','674');
INSERT INTO `ward` (`wardID`,`wardName`,`districtID`) VALUES ('24856','Xã Đạ Long','674');
INSERT INTO `ward` (`wardID`,`wardName`,`districtID`) VALUES ('24859','Xã Đạ M\' Rong','674');
INSERT INTO `ward` (`wardID`,`wardName`,`districtID`) VALUES ('24862','Xã Lát','675');
INSERT INTO `ward` (`wardID`,`wardName`,`districtID`) VALUES ('24868','Thị trấn Nam Ban','676');
INSERT INTO `ward` (`wardID`,`wardName`,`districtID`) VALUES ('24871','Thị trấn Đinh Văn','676');
INSERT INTO `ward` (`wardID`,`wardName`,`districtID`) VALUES ('24874','Xã Liêng Srônh','674');
INSERT INTO `ward` (`wardID`,`wardName`,`districtID`) VALUES ('24875','Xã Đạ Rsal','674');
INSERT INTO `ward` (`wardID`,`wardName`,`districtID`) VALUES ('24880','Xã Phú Sơn','676');
INSERT INTO `ward` (`wardID`,`wardName`,`districtID`) VALUES ('24883','Xã Phi Tô','676');
INSERT INTO `ward` (`wardID`,`wardName`,`districtID`) VALUES ('24892','Xã Mê Linh','676');
INSERT INTO `ward` (`wardID`,`wardName`,`districtID`) VALUES ('26734','Phường Tân Định','760');
INSERT INTO `ward` (`wardID`,`wardName`,`districtID`) VALUES ('26737','Phường Đa Kao','760');
INSERT INTO `ward` (`wardID`,`wardName`,`districtID`) VALUES ('26740','Phường Bến Nghé','760');
INSERT INTO `ward` (`wardID`,`wardName`,`districtID`) VALUES ('26743','Phường Bến Thành','760');
INSERT INTO `ward` (`wardID`,`wardName`,`districtID`) VALUES ('26746','Phường Nguyễn Thái B','760');
INSERT INTO `ward` (`wardID`,`wardName`,`districtID`) VALUES ('27121','Phường 08','770');
INSERT INTO `ward` (`wardID`,`wardName`,`districtID`) VALUES ('27124','Phường 07','770');
INSERT INTO `ward` (`wardID`,`wardName`,`districtID`) VALUES ('27127','Phường 14','770');
INSERT INTO `ward` (`wardID`,`wardName`,`districtID`) VALUES ('27130','Phường 12','770');
INSERT INTO `ward` (`wardID`,`wardName`,`districtID`) VALUES ('27133','Phường 11','770');
INSERT INTO `ward` (`wardID`,`wardName`,`districtID`) VALUES ('27163','Phường 15','771');
INSERT INTO `ward` (`wardID`,`wardName`,`districtID`) VALUES ('27166','Phường 13','771');
INSERT INTO `ward` (`wardID`,`wardName`,`districtID`) VALUES ('27169','Phường 14','771');
INSERT INTO `ward` (`wardID`,`wardName`,`districtID`) VALUES ('27172','Phường 12','771');
INSERT INTO `ward` (`wardID`,`wardName`,`districtID`) VALUES ('27175','Phường 11','771');
INSERT INTO `ward` (`wardID`,`wardName`,`districtID`) VALUES ('27301','Phường 04','774');
INSERT INTO `ward` (`wardID`,`wardName`,`districtID`) VALUES ('27304','Phường 09','774');
INSERT INTO `ward` (`wardID`,`wardName`,`districtID`) VALUES ('27307','Phường 03','774');
INSERT INTO `ward` (`wardID`,`wardName`,`districtID`) VALUES ('27310','Phường 12','774');
INSERT INTO `ward` (`wardID`,`wardName`,`districtID`) VALUES ('27313','Phường 02','774');
INSERT INTO `ward` (`wardID`,`wardName`,`districtID`) VALUES ('27466','Phường Tân Thuận Đôn','778');
INSERT INTO `ward` (`wardID`,`wardName`,`districtID`) VALUES ('27469','Phường Tân Thuận Tây','778');
INSERT INTO `ward` (`wardID`,`wardName`,`districtID`) VALUES ('27472','Phường Tân Kiểng','778');
INSERT INTO `ward` (`wardID`,`wardName`,`districtID`) VALUES ('27475','Phường Tân Hưng','778');
INSERT INTO `ward` (`wardID`,`wardName`,`districtID`) VALUES ('27478','Phường Bình Thuận','778');
INSERT INTO `ward` (`wardID`,`wardName`,`districtID`) VALUES ('29863','Phường 11','866');
INSERT INTO `ward` (`wardID`,`wardName`,`districtID`) VALUES ('29866','Phường 1','866');
INSERT INTO `ward` (`wardID`,`wardName`,`districtID`) VALUES ('29869','Phường 2','866');
INSERT INTO `ward` (`wardID`,`wardName`,`districtID`) VALUES ('29872','Phường 4','866');
INSERT INTO `ward` (`wardID`,`wardName`,`districtID`) VALUES ('29875','Phường 3','866');
INSERT INTO `ward` (`wardID`,`wardName`,`districtID`) VALUES ('29902','Phường 3','867');
INSERT INTO `ward` (`wardID`,`wardName`,`districtID`) VALUES ('29905','Phường 1','867');
INSERT INTO `ward` (`wardID`,`wardName`,`districtID`) VALUES ('29908','Phường 4','867');
INSERT INTO `ward` (`wardID`,`wardName`,`districtID`) VALUES ('29911','Phường 2','867');
INSERT INTO `ward` (`wardID`,`wardName`,`districtID`) VALUES ('29914','Xã Tân Khánh Đông','867');
INSERT INTO `ward` (`wardID`,`wardName`,`districtID`) VALUES ('29926','Thị trấn Sa Rài','869');
INSERT INTO `ward` (`wardID`,`wardName`,`districtID`) VALUES ('29929','Xã Tân Hộ Cơ','869');
INSERT INTO `ward` (`wardID`,`wardName`,`districtID`) VALUES ('29932','Xã Thông Bình','869');
INSERT INTO `ward` (`wardID`,`wardName`,`districtID`) VALUES ('29935','Xã Bình Phú','869');
INSERT INTO `ward` (`wardID`,`wardName`,`districtID`) VALUES ('29938','Xã Tân Thành A','869');
INSERT INTO `ward` (`wardID`,`wardName`,`districtID`) VALUES ('29954','Phường An Lộc','868');
INSERT INTO `ward` (`wardID`,`wardName`,`districtID`) VALUES ('29955','Phường An Thạnh','868');
INSERT INTO `ward` (`wardID`,`wardName`,`districtID`) VALUES ('29959','Xã Bình Thạnh','868');
INSERT INTO `ward` (`wardID`,`wardName`,`districtID`) VALUES ('29965','Xã Tân Hội','868');
INSERT INTO `ward` (`wardID`,`wardName`,`districtID`) VALUES ('29978','Phường An Lạc','868');
INSERT INTO `ward` (`wardID`,`wardName`,`districtID`) VALUES ('30208','Thị trấn Lai Vung','876');
INSERT INTO `ward` (`wardID`,`wardName`,`districtID`) VALUES ('30211','Xã Tân Dương','876');
INSERT INTO `ward` (`wardID`,`wardName`,`districtID`) VALUES ('30214','Xã Hòa Thành','876');
INSERT INTO `ward` (`wardID`,`wardName`,`districtID`) VALUES ('30217','Xã Long Hậu','876');
INSERT INTO `ward` (`wardID`,`wardName`,`districtID`) VALUES ('30220','Xã Tân Phước','876');

--  default password 123456
INSERT INTO `user` (`userID`,`pwd`,`roleID`) VALUES ('079157952250','$31$16$D6ZOfaeLxxpsbaT9L9QG_e-zTf1WcUtAPt0v2n9fknU',3);
INSERT INTO `user` (`userID`,`pwd`,`roleID`) VALUES ('079510193347','$31$16$D6ZOfaeLxxpsbaT9L9QG_e-zTf1WcUtAPt0v2n9fknU',3);
INSERT INTO `user` (`userID`,`pwd`,`roleID`) VALUES ('079732769898','$31$16$D6ZOfaeLxxpsbaT9L9QG_e-zTf1WcUtAPt0v2n9fknU',3);
INSERT INTO `user` (`userID`,`pwd`,`roleID`) VALUES ('079932368028','$31$16$D6ZOfaeLxxpsbaT9L9QG_e-zTf1WcUtAPt0v2n9fknU',3);
INSERT INTO `user` (`userID`,`pwd`,`roleID`) VALUES ('079941055479','$31$16$D6ZOfaeLxxpsbaT9L9QG_e-zTf1WcUtAPt0v2n9fknU',3);
INSERT INTO `user` (`userID`,`pwd`,`roleID`) VALUES ('admin-123456','$31$16$D6ZOfaeLxxpsbaT9L9QG_e-zTf1WcUtAPt0v2n9fknU',1);
INSERT INTO `user` (`userID`,`pwd`,`roleID`) VALUES ('banned-mod01','$31$16$D6ZOfaeLxxpsbaT9L9QG_e-zTf1WcUtAPt0v2n9fknU',2);
INSERT INTO `user` (`userID`,`pwd`,`roleID`) VALUES ('mod-18127077','$31$16$D6ZOfaeLxxpsbaT9L9QG_e-zTf1WcUtAPt0v2n9fknU',2);
INSERT INTO `user` (`userID`,`pwd`,`roleID`) VALUES ('mod-19127203','$31$16$D6ZOfaeLxxpsbaT9L9QG_e-zTf1WcUtAPt0v2n9fknU',2);
INSERT INTO `user` (`userID`,`pwd`,`roleID`) VALUES ('mod-19127268','$31$16$D6ZOfaeLxxpsbaT9L9QG_e-zTf1WcUtAPt0v2n9fknU',2);
INSERT INTO `user` (`userID`,`pwd`,`roleID`) VALUES ('mod-19127511','$31$16$D6ZOfaeLxxpsbaT9L9QG_e-zTf1WcUtAPt0v2n9fknU',2);
INSERT INTO `user` (`userID`,`pwd`,`roleID`) VALUES('079111222333', '$31$16$D6ZOfaeLxxpsbaT9L9QG_e-zTf1WcUtAPt0v2n9fknU', 3);

INSERT INTO `package` (`packageID`,`name`,`limitPerPerson`,`dayCooldown`,`price`) VALUES (1,'Siro điều trị viêm đường hô hấp kèm theo ho Prospan (100ml)',2,7,68000.000);
INSERT INTO `package` (`packageID`,`name`,`limitPerPerson`,`dayCooldown`,`price`) VALUES (2,'Khẩu trang than hoạt tính 4 lớp Pharmacity (50 cái/hộp)',1,30,89000.000);
INSERT INTO `package` (`packageID`,`name`,`limitPerPerson`,`dayCooldown`,`price`) VALUES (3,'Nước biển sâu sạch thông mũi điều trị viêm mũi Xisat (75ml)',1,15,32000.000);
INSERT INTO `package` (`packageID`,`name`,`limitPerPerson`,`dayCooldown`,`price`) VALUES (4,'Cao sao vàng (4g)',1,1,5900.000);
INSERT INTO `package` (`packageID`,`name`,`limitPerPerson`,`dayCooldown`,`price`) VALUES (5,'Efferalgan 150mg (Hộp 12 gói)',1,3,33600.000);
INSERT INTO `package` (`packageID`,`name`,`limitPerPerson`,`dayCooldown`,`price`) VALUES (6,'Dầu gió Khuynh Diệp OPC (25ml)',2,15,62900.000);
INSERT INTO `package` (`packageID`,`name`,`limitPerPerson`,`dayCooldown`,`price`) VALUES (7,'Panadol extra (12 vỉ/hộp)',1,30,135000.000);
INSERT INTO `package` (`packageID`,`name`,`limitPerPerson`,`dayCooldown`,`price`) VALUES (8,'Bộ xét nghiệm nhanh COVID-19 tại nhà Humasis COVID-19 Ag Home Test (Hộp 5 kit)',1,30,610000.000);
INSERT INTO `package` (`packageID`,`name`,`limitPerPerson`,`dayCooldown`,`price`) VALUES (9,'Eugica Sirô (Hộp 1 chai 100ml)',2,7,29000.000);
INSERT INTO `package` (`packageID`,`name`,`limitPerPerson`,`dayCooldown`,`price`) VALUES (10,'Nước biển sâu sạch thông mũi trẻ em Xisat (75ml)',3,15,27000.000);

INSERT INTO `manageduser` (`idCard`,`fullName`,`yob`,`relatedPerson`,`debt`, `address`, `state`) VALUES ('079157952250','Hong Du-shik',1990,'',0,'16 Lê Lai', 1);
INSERT INTO `manageduser` (`idCard`,`fullName`,`yob`,`relatedPerson`,`debt`, `address`, `state`) VALUES ('079510193347','Nguyễn Lê Bảo Huyên',1985,'79932368028',0,'69 Lê Lợi', 0);
INSERT INTO `manageduser` (`idCard`,`fullName`,`yob`,`relatedPerson`,`debt`, `address`, `state`) VALUES ('079732769898','Thập Cẩm Đào',2001,'79510193347',0,'69 Lê Lợi', 0);
INSERT INTO `manageduser` (`idCard`,`fullName`,`yob`,`relatedPerson`,`debt`, `address`, `state`) VALUES ('079932368028','Đậu Y Khoa',2002,'',0,'23A Phan Văn Bảy', 2);
INSERT INTO `manageduser` (`idCard`,`fullName`,`yob`,`relatedPerson`,`debt`, `address`, `state`) VALUES ('079941055479','Đỗ Yên Bình',1969,'',0,'5 Đường số 1', 2);
INSERT INTO `manageduser` (`idCard`,`fullName`,`yob`,`relatedPerson`,`debt`,`address`, `state`) VALUES ('079111222333','Nguyễn Văn A',1950,'079941055479',0,'5 Đường số 7', 2);

insert into statehistory values ('079157952250', '2021-11-30', 1);
insert into statehistory values ('079157952250', '2021-10-30', 2);
insert into statehistory values ('079510193347', '2021-11-30', 0);
insert into statehistory values ('079732769898', '2021-11-30', 0);
insert into statehistory values ('079932368028', '2021-11-30', 2);
insert into statehistory values ('079941055479', '2021-11-30', 2);
insert into statehistory values ('079111222333', '2021-11-30', 2);

INSERT INTO `treatmentplace` (`treatID`,`name`,`address`,`capacity`,`currentReception`) VALUES (79001,'Bệnh viện đa khoa Sài Gòn','125 Lê Lợi',1000,123);
INSERT INTO `treatmentplace` (`treatID`,`name`,`address`,`capacity`,`currentReception`) VALUES (79024,'Bệnh viện Nhân Dân 115','527 Sư Vạn Hạnh',1000,234);
INSERT INTO `treatmentplace` (`treatID`,`name`,`address`,`capacity`,`currentReception`) VALUES (79048,'Bệnh viện Chợ Rẫy','201 B Nguyễn Chí Thanh',1000,345);
INSERT INTO `treatmentplace` (`treatID`,`name`,`address`,`capacity`,`currentReception`) VALUES (79051,'Bệnh viện Quận 1 - Cơ sở 1','338 Hai Bà Trưng',1000,456);
INSERT INTO `treatmentplace` (`treatID`,`name`,`address`,`capacity`,`currentReception`) VALUES (87014,'Bệnh viện đa khoa Sa Đéc','153 Nguyễn Sinh Sắc',1000,567);

insert into treatmentplacehistory values('079157952250', '2021-11-30', 79001);
insert into treatmentplacehistory values('079157952250', '2021-10-30', 79024);
insert into treatmentplacehistory values('079510193347', '2021-11-30', 79048);
insert into treatmentplacehistory values('079732769898', '2021-11-30', 79048);
insert into treatmentplacehistory values('079932368028', '2021-11-30', 79051);
insert into treatmentplacehistory values('079941055479', '2021-11-30', 79051);
insert into treatmentplacehistory values('079111222333', '2021-11-30', 87014);

insert into orderhistory values(1,"079932368028","2021-10-1 13:28:08","2021-10-5 13:00:08","169600");
insert into orderhistory values(2,"079157952250","2021-7-5 7:14:26","2021-7-6 9:23:26","125800");
insert into orderhistory values(3,"079732769898","2021-8-26 7:37:17","2021-8-28 9:45:17","89000");
insert into orderhistory values(4,"079732769898","2021-8-17 5:33:57","2021-8-20 8:03:57","27000");
insert into orderhistory values(5,"079941055479","2021-1-21 11:07:08","2021-1-29 15:04:02","610000");

insert into orderitem values(1,1,2,68000);
insert into orderitem values(1,5,1,33600);
insert into orderitem values(1,4,1,5900);
insert into orderitem values(2,6,2,62900);
insert into orderitem values(3,2,1,89000);
insert into orderitem values(4,10,3,27000);
insert into orderitem values(5,8,1,610000);

INSERT INTO log VALUES("1","mod-19127203","thêm gói nhu yếu phẩm : cao sao vàng","2021-10-13 8:10:23");
INSERT INTO log VALUES("2","mod-19127203","thêm người được quản lý mới : 079111222333","2021-10-13 8:10:23");
INSERT INTO log VALUES("3","mod-19127203","thêm người được quản lý mới : 079157952250","2021-10-13 8:10:23");
